Variable Name;2002;2002file;2002link;recode;2004;2004file;2004link;recode;2006;2006file;2006link;recode;2008;2008file;2008link;recode;2010;2010file;2010link;recode;2012;2012file;2012link;recode;2015;2015file;2015link;recode
#SYNTAX:;;;"renamed orgvar1,renamed orgvar2;varname in added df1,varname in added df2";;;;;;;;;;;;;;;;;;;;;;;;;
country;cntry;/Users/eur/Documents/wissenschaft/data/ess/data/ESS1e06_4/ESS1e06_4.Rdata;;;cntry;/Users/eur/Documents/wissenschaft/data/ess/data/ESS2e03_4/ESS2e03_4.Rdata;;;cntry;/Users/eur/Documents/wissenschaft/data/ess/data/ESS3e03_5/ESS3e03_5.Rdata;;;cntry;/Users/eur/Documents/wissenschaft/data/ess/data/ESS4e04_3/ESS4e04_3.Rdata;;;cntry;/Users/eur/Documents/wissenschaft/data/ess/data/ESS5e03_2/ESS5e03_2.Rdata;;;cntry;/Users/eur/Documents/wissenschaft/data/ess/data/ESS6e02_2/ESS6e02_2.Rdata;;;cntry;/Users/eur/Documents/wissenschaft/data/ess/data/ESS7e02/ESS7e02.Rdata;;
idno;idno;/Users/eur/Documents/wissenschaft/data/ess/data/ESS1e06_4/ESS1e06_4.Rdata;;;idno;/Users/eur/Documents/wissenschaft/data/ess/data/ESS2e03_4/ESS2e03_4.Rdata;;;idno;/Users/eur/Documents/wissenschaft/data/ess/data/ESS3e03_5/ESS3e03_5.Rdata;;;idno;/Users/eur/Documents/wissenschaft/data/ess/data/ESS4e04_3/ESS4e04_3.Rdata;;;idno;/Users/eur/Documents/wissenschaft/data/ess/data/ESS5e03_2/ESS5e03_2.Rdata;;;idno;/Users/eur/Documents/wissenschaft/data/ess/data/ESS6e02_2/ESS6e02_2.Rdata;;;idno;/Users/eur/Documents/wissenschaft/data/ess/data/ESS7e02/ESS7e02.Rdata;;
year;'2002a';/Users/eur/Documents/wissenschaft/data/ess/data/ESS1e06_4/ESS1e06_4.Rdata;;;;;;;;;;;;;;;;;;;;;;;;;;
essround;essround;/Users/eur/Documents/wissenschaft/data/ess/data/ESS1e06_4/ESS1e06_4.Rdata;;;essround;/Users/eur/Documents/wissenschaft/data/ess/data/ESS2e03_4/ESS2e03_4.Rdata;;;essround;/Users/eur/Documents/wissenschaft/data/ess/data/ESS3e03_5/ESS3e03_5.Rdata;;;essround;/Users/eur/Documents/wissenschaft/data/ess/data/ESS4e04_3/ESS4e04_3.Rdata;;;essround;/Users/eur/Documents/wissenschaft/data/ess/data/ESS5e03_2/ESS5e03_2.Rdata;;;essround;/Users/eur/Documents/wissenschaft/data/ess/data/ESS6e02_2/ESS6e02_2.Rdata;;;essround;/Users/eur/Documents/wissenschaft/data/ess/data/ESS7e02/ESS7e02.Rdata;;
edition;edition;/Users/eur/Documents/wissenschaft/data/ess/data/ESS1e06_4/ESS1e06_4.Rdata;;;edition;/Users/eur/Documents/wissenschaft/data/ess/data/ESS2e03_4/ESS2e03_4.Rdata;;;edition;/Users/eur/Documents/wissenschaft/data/ess/data/ESS3e03_5/ESS3e03_5.Rdata;;;edition;/Users/eur/Documents/wissenschaft/data/ess/data/ESS4e04_3/ESS4e04_3.Rdata;;;edition;/Users/eur/Documents/wissenschaft/data/ess/data/ESS5e03_2/ESS5e03_2.Rdata;;;edition;/Users/eur/Documents/wissenschaft/data/ess/data/ESS6e02_2/ESS6e02_2.Rdata;;;edition;/Users/eur/Documents/wissenschaft/data/ess/data/ESS7e02/ESS7e02.Rdata;;
date;proddate;/Users/eur/Documents/wissenschaft/data/ess/data/ESS1e06_4/ESS1e06_4.Rdata;;;proddate;/Users/eur/Documents/wissenschaft/data/ess/data/ESS2e03_4/ESS2e03_4.Rdata;;;proddate;/Users/eur/Documents/wissenschaft/data/ess/data/ESS3e03_5/ESS3e03_5.Rdata;;;proddate;/Users/eur/Documents/wissenschaft/data/ess/data/ESS4e04_3/ESS4e04_3.Rdata;;;proddate;/Users/eur/Documents/wissenschaft/data/ess/data/ESS5e03_2/ESS5e03_2.Rdata;;;proddate;/Users/eur/Documents/wissenschaft/data/ess/data/ESS6e02_2/ESS6e02_2.Rdata;;;proddate;/Users/eur/Documents/wissenschaft/data/ess/data/ESS7e02/ESS7e02.Rdata;;
gender;gndr;/Users/eur/Documents/wissenschaft/data/ess/data/ESS1e06_4/ESS1e06_4.Rdata;;;gndr;/Users/eur/Documents/wissenschaft/data/ess/data/ESS2e03_4/ESS2e03_4.Rdata;;;gndr;/Users/eur/Documents/wissenschaft/data/ess/data/ESS3e03_5/ESS3e03_5.Rdata;;;gndr;/Users/eur/Documents/wissenschaft/data/ess/data/ESS4e04_3/ESS4e04_3.Rdata;;;gndr;/Users/eur/Documents/wissenschaft/data/ess/data/ESS5e03_2/ESS5e03_2.Rdata;;;gndr;/Users/eur/Documents/wissenschaft/data/ess/data/ESS6e02_2/ESS6e02_2.Rdata;;;gndr;/Users/eur/Documents/wissenschaft/data/ess/data/ESS7e02/ESS7e02.Rdata;;
birth;yrbrn;/Users/eur/Documents/wissenschaft/data/ess/data/ESS1e06_4/ESS1e06_4.Rdata;;;yrbrn;/Users/eur/Documents/wissenschaft/data/ess/data/ESS2e03_4/ESS2e03_4.Rdata;;;yrbrn;/Users/eur/Documents/wissenschaft/data/ess/data/ESS3e03_5/ESS3e03_5.Rdata;;;yrbrn;/Users/eur/Documents/wissenschaft/data/ess/data/ESS4e04_3/ESS4e04_3.Rdata;;;yrbrn;/Users/eur/Documents/wissenschaft/data/ess/data/ESS5e03_2/ESS5e03_2.Rdata;;;yrbrn;/Users/eur/Documents/wissenschaft/data/ess/data/ESS6e02_2/ESS6e02_2.Rdata;;;yrbrn;/Users/eur/Documents/wissenschaft/data/ess/data/ESS7e02/ESS7e02.Rdata;;
age;agea;/Users/eur/Documents/wissenschaft/data/ess/data/ESS1e06_4/ESS1e06_4.Rdata;;;agea;/Users/eur/Documents/wissenschaft/data/ess/data/ESS2e03_4/ESS2e03_4.Rdata;;;agea;/Users/eur/Documents/wissenschaft/data/ess/data/ESS3e03_5/ESS3e03_5.Rdata;;;agea;/Users/eur/Documents/wissenschaft/data/ess/data/ESS4e04_3/ESS4e04_3.Rdata;;;agea;/Users/eur/Documents/wissenschaft/data/ess/data/ESS5e03_2/ESS5e03_2.Rdata;;;agea;/Users/eur/Documents/wissenschaft/data/ess/data/ESS6e02_2/ESS6e02_2.Rdata;;;agea;/Users/eur/Documents/wissenschaft/data/ess/data/ESS7e02/ESS7e02.Rdata;;
edu.max;edulvla;/Users/eur/Documents/wissenschaft/data/ess/data/ESS1e06_4/ESS1e06_4.Rdata;;;edulvla;/Users/eur/Documents/wissenschaft/data/ess/data/ESS2e03_4/ESS2e03_4.Rdata;;;edulvla;/Users/eur/Documents/wissenschaft/data/ess/data/ESS3e03_5/ESS3e03_5.Rdata;;;edulvla;/Users/eur/Documents/wissenschaft/data/ess/data/ESS4e04_3/ESS4e04_3.Rdata;;;edulvla;/Users/eur/Documents/wissenschaft/data/ess/data/ESS5e03_2/ESS5e03_2.Rdata;;;edulvla;/Users/eur/Documents/wissenschaft/data/ess/data/ESS6e02_2/ESS6e02_2.Rdata;;;edulvla;/Users/eur/Documents/wissenschaft/data/ess/data/ESS7e02/ESS7e02.Rdata;;
edu.years;eduyrs;/Users/eur/Documents/wissenschaft/data/ess/data/ESS1e06_4/ESS1e06_4.Rdata;;;eduyrs;/Users/eur/Documents/wissenschaft/data/ess/data/ESS2e03_4/ESS2e03_4.Rdata;;;eduyrs;/Users/eur/Documents/wissenschaft/data/ess/data/ESS3e03_5/ESS3e03_5.Rdata;;;eduyrs;/Users/eur/Documents/wissenschaft/data/ess/data/ESS4e04_3/ESS4e04_3.Rdata;;;eduyrs;/Users/eur/Documents/wissenschaft/data/ess/data/ESS5e03_2/ESS5e03_2.Rdata;;;eduyrs;/Users/eur/Documents/wissenschaft/data/ess/data/ESS6e02_2/ESS6e02_2.Rdata;;;eduyrs;/Users/eur/Documents/wissenschaft/data/ess/data/ESS7e02/ESS7e02.Rdata;;
edu.partner.max;edulvlpa;/Users/eur/Documents/wissenschaft/data/ess/data/ESS1e06_4/ESS1e06_4.Rdata;;;edulvlpa;/Users/eur/Documents/wissenschaft/data/ess/data/ESS2e03_4/ESS2e03_4.Rdata;;;edulvlpa;/Users/eur/Documents/wissenschaft/data/ess/data/ESS3e03_5/ESS3e03_5.Rdata;;;edulvlpa;/Users/eur/Documents/wissenschaft/data/ess/data/ESS4e04_3/ESS4e04_3.Rdata;;;edulvlpa;/Users/eur/Documents/wissenschaft/data/ess/data/ESS5e03_2/ESS5e03_2.Rdata;;;edulvlpa;/Users/eur/Documents/wissenschaft/data/ess/data/ESS6e02_2/ESS6e02_2.Rdata;;;edulvlpa;/Users/eur/Documents/wissenschaft/data/ess/data/ESS7e02/ESS7e02.Rdata;;
edu.father.max;edulvlfa;/Users/eur/Documents/wissenschaft/data/ess/data/ESS1e06_4/ESS1e06_4.Rdata;;;edulvlfa;/Users/eur/Documents/wissenschaft/data/ess/data/ESS2e03_4/ESS2e03_4.Rdata;;;edulvlfa;/Users/eur/Documents/wissenschaft/data/ess/data/ESS3e03_5/ESS3e03_5.Rdata;;;edulvlfa;/Users/eur/Documents/wissenschaft/data/ess/data/ESS4e04_3/ESS4e04_3.Rdata;;;edulvlfa;/Users/eur/Documents/wissenschaft/data/ess/data/ESS5e03_2/ESS5e03_2.Rdata;;;edulvlfa;/Users/eur/Documents/wissenschaft/data/ess/data/ESS6e02_2/ESS6e02_2.Rdata;;;edulvlfa;/Users/eur/Documents/wissenschaft/data/ess/data/ESS7e02/ESS7e02.Rdata;;
edu.mother.max;edulvlma;/Users/eur/Documents/wissenschaft/data/ess/data/ESS1e06_4/ESS1e06_4.Rdata;;;edulvlma;/Users/eur/Documents/wissenschaft/data/ess/data/ESS2e03_4/ESS2e03_4.Rdata;;;edulvlma;/Users/eur/Documents/wissenschaft/data/ess/data/ESS3e03_5/ESS3e03_5.Rdata;;;edulvlma;/Users/eur/Documents/wissenschaft/data/ess/data/ESS4e04_3/ESS4e04_3.Rdata;;;edulvlma;/Users/eur/Documents/wissenschaft/data/ess/data/ESS5e03_2/ESS5e03_2.Rdata;;;edulvlfa;/Users/eur/Documents/wissenschaft/data/ess/data/ESS6e02_2/ESS6e02_2.Rdata;;;edulvlfa;/Users/eur/Documents/wissenschaft/data/ess/data/ESS7e02/ESS7e02.Rdata;;
dweight;dweight;/Users/eur/Documents/wissenschaft/data/ess/data/ESS1e06_4/ESS1e06_4.Rdata;;;dweight;/Users/eur/Documents/wissenschaft/data/ess/data/ESS2e03_4/ESS2e03_4.Rdata;;;dweight;/Users/eur/Documents/wissenschaft/data/ess/data/ESS3e03_5/ESS3e03_5.Rdata;;;dweight;/Users/eur/Documents/wissenschaft/data/ess/data/ESS4e04_3/ESS4e04_3.Rdata;;;dweight;/Users/eur/Documents/wissenschaft/data/ess/data/ESS5e03_2/ESS5e03_2.Rdata;;;dweight;/Users/eur/Documents/wissenschaft/data/ess/data/ESS6e02_2/ESS6e02_2.Rdata;;;dweight;/Users/eur/Documents/wissenschaft/data/ess/data/ESS7e02/ESS7e02.Rdata;;
psweight;pspwght;/Users/eur/Documents/wissenschaft/data/ess/data/ESS1e06_4/ESS1e06_4.Rdata;;;pspwght;/Users/eur/Documents/wissenschaft/data/ess/data/ESS2e03_4/ESS2e03_4.Rdata;;;pspwght;/Users/eur/Documents/wissenschaft/data/ess/data/ESS3e03_5/ESS3e03_5.Rdata;;;pspwght;/Users/eur/Documents/wissenschaft/data/ess/data/ESS4e04_3/ESS4e04_3.Rdata;;;pspwght;/Users/eur/Documents/wissenschaft/data/ess/data/ESS5e03_2/ESS5e03_2.Rdata;;;pspwght;/Users/eur/Documents/wissenschaft/data/ess/data/ESS6e02_2/ESS6e02_2.Rdata;;;pswght;/Users/eur/Documents/wissenschaft/data/ess/data/ESS7e02/ESS7e02.Rdata;;
pweight;pweight;/Users/eur/Documents/wissenschaft/data/ess/data/ESS1e06_4/ESS1e06_4.Rdata;;;pweight;/Users/eur/Documents/wissenschaft/data/ess/data/ESS2e03_4/ESS2e03_4.Rdata;;;pweight;/Users/eur/Documents/wissenschaft/data/ess/data/ESS3e03_5/ESS3e03_5.Rdata;;;pweight;/Users/eur/Documents/wissenschaft/data/ess/data/ESS4e04_3/ESS4e04_3.Rdata;;;pweight;/Users/eur/Documents/wissenschaft/data/ess/data/ESS5e03_2/ESS5e03_2.Rdata;;;pweight;/Users/eur/Documents/wissenschaft/data/ess/data/ESS6e02_2/ESS6e02_2.Rdata;;;pweight;/Users/eur/Documents/wissenschaft/data/ess/data/ESS7e02/ESS7e02.Rdata;;
most.trustworthy;ppltrst;/Users/eur/Documents/wissenschaft/data/ess/data/ESS1e06_4/ESS1e06_4.Rdata;;;ppltrst;/Users/eur/Documents/wissenschaft/data/ess/data/ESS2e03_4/ESS2e03_4.Rdata;;;ppltrst;/Users/eur/Documents/wissenschaft/data/ess/data/ESS3e03_5/ESS3e03_5.Rdata;;;ppltrst;/Users/eur/Documents/wissenschaft/data/ess/data/ESS4e04_3/ESS4e04_3.Rdata;;;ppltrst;/Users/eur/Documents/wissenschaft/data/ess/data/ESS5e03_2/ESS5e03_2.Rdata;;;ppltrst;/Users/eur/Documents/wissenschaft/data/ess/data/ESS6e02_2/ESS6e02_2.Rdata;;;ppltrst;/Users/eur/Documents/wissenschaft/data/ess/data/ESS7e02/ESS7e02.Rdata;;
most.fair;pplfair;/Users/eur/Documents/wissenschaft/data/ess/data/ESS1e06_4/ESS1e06_4.Rdata;;;pplfair;/Users/eur/Documents/wissenschaft/data/ess/data/ESS2e03_4/ESS2e03_4.Rdata;;;pplfair;/Users/eur/Documents/wissenschaft/data/ess/data/ESS3e03_5/ESS3e03_5.Rdata;;;pplfair;/Users/eur/Documents/wissenschaft/data/ess/data/ESS4e04_3/ESS4e04_3.Rdata;;;pplfair;/Users/eur/Documents/wissenschaft/data/ess/data/ESS5e03_2/ESS5e03_2.Rdata;;;pplfair;/Users/eur/Documents/wissenschaft/data/ess/data/ESS6e02_2/ESS6e02_2.Rdata;;;pplfair;/Users/eur/Documents/wissenschaft/data/ess/data/ESS7e02/ESS7e02.Rdata;;
most.helpful;pplhlp;/Users/eur/Documents/wissenschaft/data/ess/data/ESS1e06_4/ESS1e06_4.Rdata;;;pplhlp;/Users/eur/Documents/wissenschaft/data/ess/data/ESS2e03_4/ESS2e03_4.Rdata;;;pplhlp;/Users/eur/Documents/wissenschaft/data/ess/data/ESS3e03_5/ESS3e03_5.Rdata;;;pplhlp;/Users/eur/Documents/wissenschaft/data/ess/data/ESS4e04_3/ESS4e04_3.Rdata;;;pplhlp;/Users/eur/Documents/wissenschaft/data/ess/data/ESS5e03_2/ESS5e03_2.Rdata;;;pplhlp;/Users/eur/Documents/wissenschaft/data/ess/data/ESS6e02_2/ESS6e02_2.Rdata;;;pplhlp;/Users/eur/Documents/wissenschaft/data/ess/data/ESS7e02/ESS7e02.Rdata;;
trust.parliament;trstprl;/Users/eur/Documents/wissenschaft/data/ess/data/ESS1e06_4/ESS1e06_4.Rdata;;;trstprl;/Users/eur/Documents/wissenschaft/data/ess/data/ESS2e03_4/ESS2e03_4.Rdata;;;trstprl;/Users/eur/Documents/wissenschaft/data/ess/data/ESS3e03_5/ESS3e03_5.Rdata;;;trstprl;/Users/eur/Documents/wissenschaft/data/ess/data/ESS4e04_3/ESS4e04_3.Rdata;;;trstprl;/Users/eur/Documents/wissenschaft/data/ess/data/ESS5e03_2/ESS5e03_2.Rdata;;;trstprl;/Users/eur/Documents/wissenschaft/data/ess/data/ESS6e02_2/ESS6e02_2.Rdata;;;trstprl;/Users/eur/Documents/wissenschaft/data/ess/data/ESS7e02/ESS7e02.Rdata;;
trust.legalsys;trstlgl;/Users/eur/Documents/wissenschaft/data/ess/data/ESS1e06_4/ESS1e06_4.Rdata;;;trstlgl;/Users/eur/Documents/wissenschaft/data/ess/data/ESS2e03_4/ESS2e03_4.Rdata;;;trstlgl;/Users/eur/Documents/wissenschaft/data/ess/data/ESS3e03_5/ESS3e03_5.Rdata;;;trstlgl;/Users/eur/Documents/wissenschaft/data/ess/data/ESS4e04_3/ESS4e04_3.Rdata;;;trstlgl;/Users/eur/Documents/wissenschaft/data/ess/data/ESS5e03_2/ESS5e03_2.Rdata;;;trstlgl;/Users/eur/Documents/wissenschaft/data/ess/data/ESS6e02_2/ESS6e02_2.Rdata;;;trstlgl;/Users/eur/Documents/wissenschaft/data/ess/data/ESS7e02/ESS7e02.Rdata;;
trust.police;trstplc;/Users/eur/Documents/wissenschaft/data/ess/data/ESS1e06_4/ESS1e06_4.Rdata;;;trstplc;/Users/eur/Documents/wissenschaft/data/ess/data/ESS2e03_4/ESS2e03_4.Rdata;;;trstplc;/Users/eur/Documents/wissenschaft/data/ess/data/ESS3e03_5/ESS3e03_5.Rdata;;;trstplc;/Users/eur/Documents/wissenschaft/data/ess/data/ESS4e04_3/ESS4e04_3.Rdata;;;trstplc;/Users/eur/Documents/wissenschaft/data/ess/data/ESS5e03_2/ESS5e03_2.Rdata;;;trstplc;/Users/eur/Documents/wissenschaft/data/ess/data/ESS6e02_2/ESS6e02_2.Rdata;;;trstplc;/Users/eur/Documents/wissenschaft/data/ess/data/ESS7e02/ESS7e02.Rdata;;
trust.politicians;trstplt;/Users/eur/Documents/wissenschaft/data/ess/data/ESS1e06_4/ESS1e06_4.Rdata;;;trstplt;/Users/eur/Documents/wissenschaft/data/ess/data/ESS2e03_4/ESS2e03_4.Rdata;;;trstplt;/Users/eur/Documents/wissenschaft/data/ess/data/ESS3e03_5/ESS3e03_5.Rdata;;;trstplt;/Users/eur/Documents/wissenschaft/data/ess/data/ESS4e04_3/ESS4e04_3.Rdata;;;trstplt;/Users/eur/Documents/wissenschaft/data/ess/data/ESS5e03_2/ESS5e03_2.Rdata;;;trstplt;/Users/eur/Documents/wissenschaft/data/ess/data/ESS6e02_2/ESS6e02_2.Rdata;;;trstplt;/Users/eur/Documents/wissenschaft/data/ess/data/ESS7e02/ESS7e02.Rdata;;
trust.euparl;trstep;/Users/eur/Documents/wissenschaft/data/ess/data/ESS1e06_4/ESS1e06_4.Rdata;;;trstep;/Users/eur/Documents/wissenschaft/data/ess/data/ESS2e03_4/ESS2e03_4.Rdata;;;trstep;/Users/eur/Documents/wissenschaft/data/ess/data/ESS3e03_5/ESS3e03_5.Rdata;;;trstep;/Users/eur/Documents/wissenschaft/data/ess/data/ESS4e04_3/ESS4e04_3.Rdata;;;trstep;/Users/eur/Documents/wissenschaft/data/ess/data/ESS5e03_2/ESS5e03_2.Rdata;;;trstep;/Users/eur/Documents/wissenschaft/data/ess/data/ESS6e02_2/ESS6e02_2.Rdata;;;trstep;/Users/eur/Documents/wissenschaft/data/ess/data/ESS7e02/ESS7e02.Rdata;;
trust.un;trstun;/Users/eur/Documents/wissenschaft/data/ess/data/ESS1e06_4/ESS1e06_4.Rdata;;;trstun;/Users/eur/Documents/wissenschaft/data/ess/data/ESS2e03_4/ESS2e03_4.Rdata;;;trstun;/Users/eur/Documents/wissenschaft/data/ess/data/ESS3e03_5/ESS3e03_5.Rdata;;;trstun;/Users/eur/Documents/wissenschaft/data/ess/data/ESS4e04_3/ESS4e04_3.Rdata;;;trstun;/Users/eur/Documents/wissenschaft/data/ess/data/ESS5e03_2/ESS5e03_2.Rdata;;;trstun;/Users/eur/Documents/wissenschaft/data/ess/data/ESS6e02_2/ESS6e02_2.Rdata;;;trustun;/Users/eur/Documents/wissenschaft/data/ess/data/ESS7e02/ESS7e02.Rdata;;
satisfied.life;stflife;/Users/eur/Documents/wissenschaft/data/ess/data/ESS1e06_4/ESS1e06_4.Rdata;;;stflife;/Users/eur/Documents/wissenschaft/data/ess/data/ESS2e03_4/ESS2e03_4.Rdata;;;stflife;/Users/eur/Documents/wissenschaft/data/ess/data/ESS3e03_5/ESS3e03_5.Rdata;;;stflife;/Users/eur/Documents/wissenschaft/data/ess/data/ESS4e04_3/ESS4e04_3.Rdata;;;stflife;/Users/eur/Documents/wissenschaft/data/ess/data/ESS5e03_2/ESS5e03_2.Rdata;;;stflife;/Users/eur/Documents/wissenschaft/data/ess/data/ESS6e02_2/ESS6e02_2.Rdata;;;stflife;/Users/eur/Documents/wissenschaft/data/ess/data/ESS7e02/ESS7e02.Rdata;;
social.meet;sclmeet;/Users/eur/Documents/wissenschaft/data/ess/data/ESS1e06_4/ESS1e06_4.Rdata;;;sclmeet;/Users/eur/Documents/wissenschaft/data/ess/data/ESS2e03_4/ESS2e03_4.Rdata;;;sclmeet;/Users/eur/Documents/wissenschaft/data/ess/data/ESS3e03_5/ESS3e03_5.Rdata;;;sclmeet;/Users/eur/Documents/wissenschaft/data/ess/data/ESS4e04_3/ESS4e04_3.Rdata;;;sclmeet;/Users/eur/Documents/wissenschaft/data/ess/data/ESS5e03_2/ESS5e03_2.Rdata;;;sclmeet;/Users/eur/Documents/wissenschaft/data/ess/data/ESS6e02_2/ESS6e02_2.Rdata;;;sclmeet;/Users/eur/Documents/wissenschaft/data/ess/data/ESS7e02/ESS7e02.Rdata;;
discuss.intimate;inmdisc;/Users/eur/Documents/wissenschaft/data/ess/data/ESS1e06_4/ESS1e06_4.Rdata;;;inmdisc;/Users/eur/Documents/wissenschaft/data/ess/data/ESS2e03_4/ESS2e03_4.Rdata;;;inmdisc;/Users/eur/Documents/wissenschaft/data/ess/data/ESS3e03_5/ESS3e03_5.Rdata;;;inmdisc;/Users/eur/Documents/wissenschaft/data/ess/data/ESS4e04_3/ESS4e04_3.Rdata;;;inmdisc;/Users/eur/Documents/wissenschaft/data/ess/data/ESS5e03_2/ESS5e03_2.Rdata;;;inmdisc;/Users/eur/Documents/wissenschaft/data/ess/data/ESS6e02_2/ESS6e02_2.Rdata;;;inmdis;/Users/eur/Documents/wissenschaft/data/ess/data/ESS7e02/ESS7e02.Rdata;;
part.social.activities;sclact;/Users/eur/Documents/wissenschaft/data/ess/data/ESS1e06_4/ESS1e06_4.Rdata;;;sclact;/Users/eur/Documents/wissenschaft/data/ess/data/ESS2e03_4/ESS2e03_4.Rdata;;;sclact;/Users/eur/Documents/wissenschaft/data/ess/data/ESS3e03_5/ESS3e03_5.Rdata;;;sclact;/Users/eur/Documents/wissenschaft/data/ess/data/ESS4e04_3/ESS4e04_3.Rdata;;;sclact;/Users/eur/Documents/wissenschaft/data/ess/data/ESS5e03_2/ESS5e03_2.Rdata;;;sclact;/Users/eur/Documents/wissenschaft/data/ess/data/ESS6e02_2/ESS6e02_2.Rdata;;;sclact;/Users/eur/Documents/wissenschaft/data/ess/data/ESS7e02/ESS7e02.Rdata;;
immigrant.friends;imgfrnd;/Users/eur/Documents/wissenschaft/data/ess/data/ESS1e06_4/ESS1e06_4.Rdata;;;;;;;imgfrnd;/Users/eur/Documents/wissenschaft/data/ess/data/ESS3e03_5/ESS3e03_5.Rdata;;;imgfrnd;/Users/eur/Documents/wissenschaft/data/ess/data/ESS4e04_3/ESS4e04_3.Rdata;;;imgfrnd;/Users/eur/Documents/wissenschaft/data/ess/data/ESS5e03_2/ESS5e03_2.Rdata;;;imgfrnd;/Users/eur/Documents/wissenschaft/data/ess/data/ESS6e02_2/ESS6e02_2.Rdata;;;imgfrnd;/Users/eur/Documents/wissenschaft/data/ess/data/ESS7e02/ESS7e02.Rdata;;
immigrant.colleague;imgclg;/Users/eur/Documents/wissenschaft/data/ess/data/ESS1e06_4/ESS1e06_4.Rdata;;;;;;;imgclg;/Users/eur/Documents/wissenschaft/data/ess/data/ESS3e03_5/ESS3e03_5.Rdata;;;imgclg;/Users/eur/Documents/wissenschaft/data/ess/data/ESS4e04_3/ESS4e04_3.Rdata;;;imgclg;/Users/eur/Documents/wissenschaft/data/ess/data/ESS5e03_2/ESS5e03_2.Rdata;;;imgclg;/Users/eur/Documents/wissenschaft/data/ess/data/ESS6e02_2/ESS6e02_2.Rdata;;;imgclg;/Users/eur/Documents/wissenschaft/data/ess/data/ESS7e02/ESS7e02.Rdata;;
sport.club.nn;sptcnn;/Users/eur/Documents/wissenschaft/data/ess/data/ESS1e06_4/ESS1e06_4.Rdata;;attrs.as.factor;;;;attrs.as.factor;sptcnn;/Users/eur/Documents/wissenschaft/data/ess/data/ESS3e03_5/ESS3e03_5.Rdata;;attrs.as.factor;sptcnn;/Users/eur/Documents/wissenschaft/data/ess/data/ESS4e04_3/ESS4e04_3.Rdata;;attrs.as.factor;sptcnn;/Users/eur/Documents/wissenschaft/data/ess/data/ESS5e03_2/ESS5e03_2.Rdata;;attrs.as.factor;sptcnn;/Users/eur/Documents/wissenschaft/data/ess/data/ESS6e02_2/ESS6e02_2.Rdata;;;sptcnn;/Users/eur/Documents/wissenschaft/data/ess/data/ESS7e02/ESS7e02.Rdata;;
sport.club.member;sptcmmb;/Users/eur/Documents/wissenschaft/data/ess/data/ESS1e06_4/ESS1e06_4.Rdata;;attrs.as.factor;;;;attrs.as.factor;sptcmmb;/Users/eur/Documents/wissenschaft/data/ess/data/ESS3e03_5/ESS3e03_5.Rdata;;attrs.as.factor;sptcmmb;/Users/eur/Documents/wissenschaft/data/ess/data/ESS4e04_3/ESS4e04_3.Rdata;;attrs.as.factor;sptcmmb;/Users/eur/Documents/wissenschaft/data/ess/data/ESS5e03_2/ESS5e03_2.Rdata;;attrs.as.factor;sptcmmb;/Users/eur/Documents/wissenschaft/data/ess/data/ESS6e02_2/ESS6e02_2.Rdata;;;sptcmmb;/Users/eur/Documents/wissenschaft/data/ess/data/ESS7e02/ESS7e02.Rdata;;
sport.club.participated;sptcptp;/Users/eur/Documents/wissenschaft/data/ess/data/ESS1e06_4/ESS1e06_4.Rdata;;;;;;;sptcptp;/Users/eur/Documents/wissenschaft/data/ess/data/ESS3e03_5/ESS3e03_5.Rdata;;attrs.as.factor;sptcptp;/Users/eur/Documents/wissenschaft/data/ess/data/ESS4e04_3/ESS4e04_3.Rdata;;attrs.as.factor;sptcptp;/Users/eur/Documents/wissenschaft/data/ess/data/ESS5e03_2/ESS5e03_2.Rdata;;attrs.as.factor;sptcptp;/Users/eur/Documents/wissenschaft/data/ess/data/ESS6e02_2/ESS6e02_2.Rdata;;;sptcptp;/Users/eur/Documents/wissenschaft/data/ess/data/ESS7e02/ESS7e02.Rdata;;
sport.club.voluntary.work;sptcvw;/Users/eur/Documents/wissenschaft/data/ess/data/ESS1e06_4/ESS1e06_4.Rdata;;;;;;;sptcvw;/Users/eur/Documents/wissenschaft/data/ess/data/ESS3e03_5/ESS3e03_5.Rdata;;attrs.as.factor;sptcvw;/Users/eur/Documents/wissenschaft/data/ess/data/ESS4e04_3/ESS4e04_3.Rdata;;attrs.as.factor;sptcvw;/Users/eur/Documents/wissenschaft/data/ess/data/ESS5e03_2/ESS5e03_2.Rdata;;attrs.as.factor;sptcvw;/Users/eur/Documents/wissenschaft/data/ess/data/ESS6e02_2/ESS6e02_2.Rdata;;;sptcvw;/Users/eur/Documents/wissenschaft/data/ess/data/ESS7e02/ESS7e02.Rdata;;
sport.club.donated.money;sptcdm;/Users/eur/Documents/wissenschaft/data/ess/data/ESS1e06_4/ESS1e06_4.Rdata;;;;;;;sptcdm;/Users/eur/Documents/wissenschaft/data/ess/data/ESS3e03_5/ESS3e03_5.Rdata;;attrs.as.factor;sptcdm;/Users/eur/Documents/wissenschaft/data/ess/data/ESS4e04_3/ESS4e04_3.Rdata;;attrs.as.factor;sptcdm;/Users/eur/Documents/wissenschaft/data/ess/data/ESS5e03_2/ESS5e03_2.Rdata;;attrs.as.factor;sptcdm;/Users/eur/Documents/wissenschaft/data/ess/data/ESS6e02_2/ESS6e02_2.Rdata;;;sptcdm;/Users/eur/Documents/wissenschaft/data/ess/data/ESS7e02/ESS7e02.Rdata;;
sport.club.refusal;sptcref;/Users/eur/Documents/wissenschaft/data/ess/data/ESS1e06_4/ESS1e06_4.Rdata;;;;;;;sptcref;/Users/eur/Documents/wissenschaft/data/ess/data/ESS3e03_5/ESS3e03_5.Rdata;;attrs.as.factor;sptcref;/Users/eur/Documents/wissenschaft/data/ess/data/ESS4e04_3/ESS4e04_3.Rdata;;attrs.as.factor;sptcref;/Users/eur/Documents/wissenschaft/data/ess/data/ESS5e03_2/ESS5e03_2.Rdata;;attrs.as.factor;sptcref;/Users/eur/Documents/wissenschaft/data/ess/data/ESS6e02_2/ESS6e02_2.Rdata;;;sptcref;/Users/eur/Documents/wissenschaft/data/ess/data/ESS7e02/ESS7e02.Rdata;;
sport.club.na;sptcna;/Users/eur/Documents/wissenschaft/data/ess/data/ESS1e06_4/ESS1e06_4.Rdata;;;;;;;sptcna;/Users/eur/Documents/wissenschaft/data/ess/data/ESS3e03_5/ESS3e03_5.Rdata;;attrs.as.factor;sptcna;/Users/eur/Documents/wissenschaft/data/ess/data/ESS4e04_3/ESS4e04_3.Rdata;;attrs.as.factor;sptcna;/Users/eur/Documents/wissenschaft/data/ess/data/ESS5e03_2/ESS5e03_2.Rdata;;attrs.as.factor;sptcna;/Users/eur/Documents/wissenschaft/data/ess/data/ESS6e02_2/ESS6e02_2.Rdata;;;sptcna;/Users/eur/Documents/wissenschaft/data/ess/data/ESS7e02/ESS7e02.Rdata;;
cultural.club.nn;cltonn;/Users/eur/Documents/wissenschaft/data/ess/data/ESS1e06_4/ESS1e06_4.Rdata;;;;;;;cltonn;/Users/eur/Documents/wissenschaft/data/ess/data/ESS3e03_5/ESS3e03_5.Rdata;;attrs.as.factor;cltonn;/Users/eur/Documents/wissenschaft/data/ess/data/ESS4e04_3/ESS4e04_3.Rdata;;attrs.as.factor;cltonn;/Users/eur/Documents/wissenschaft/data/ess/data/ESS5e03_2/ESS5e03_2.Rdata;;attrs.as.factor;cltonn;/Users/eur/Documents/wissenschaft/data/ess/data/ESS6e02_2/ESS6e02_2.Rdata;;;cltonn;/Users/eur/Documents/wissenschaft/data/ess/data/ESS7e02/ESS7e02.Rdata;;
cultural.club.member;cltommb;/Users/eur/Documents/wissenschaft/data/ess/data/ESS1e06_4/ESS1e06_4.Rdata;;;;;;;cltommb;/Users/eur/Documents/wissenschaft/data/ess/data/ESS3e03_5/ESS3e03_5.Rdata;;attrs.as.factor;cltommb;/Users/eur/Documents/wissenschaft/data/ess/data/ESS4e04_3/ESS4e04_3.Rdata;;attrs.as.factor;cltommb;/Users/eur/Documents/wissenschaft/data/ess/data/ESS5e03_2/ESS5e03_2.Rdata;;attrs.as.factor;cltommb;/Users/eur/Documents/wissenschaft/data/ess/data/ESS6e02_2/ESS6e02_2.Rdata;;;cltommb;/Users/eur/Documents/wissenschaft/data/ess/data/ESS7e02/ESS7e02.Rdata;;
cultural.club.participated;cltoptp;/Users/eur/Documents/wissenschaft/data/ess/data/ESS1e06_4/ESS1e06_4.Rdata;;;;;;;cltoptp;/Users/eur/Documents/wissenschaft/data/ess/data/ESS3e03_5/ESS3e03_5.Rdata;;attrs.as.factor;cltoptp;/Users/eur/Documents/wissenschaft/data/ess/data/ESS4e04_3/ESS4e04_3.Rdata;;attrs.as.factor;cltoptp;/Users/eur/Documents/wissenschaft/data/ess/data/ESS5e03_2/ESS5e03_2.Rdata;;attrs.as.factor;cltoptp;/Users/eur/Documents/wissenschaft/data/ess/data/ESS6e02_2/ESS6e02_2.Rdata;;;cltoptp;/Users/eur/Documents/wissenschaft/data/ess/data/ESS7e02/ESS7e02.Rdata;;
cultural.club.voluntary.work;cltovw;/Users/eur/Documents/wissenschaft/data/ess/data/ESS1e06_4/ESS1e06_4.Rdata;;;;;;;cltovw;/Users/eur/Documents/wissenschaft/data/ess/data/ESS3e03_5/ESS3e03_5.Rdata;;attrs.as.factor;cltovw;/Users/eur/Documents/wissenschaft/data/ess/data/ESS4e04_3/ESS4e04_3.Rdata;;attrs.as.factor;cltovw;/Users/eur/Documents/wissenschaft/data/ess/data/ESS5e03_2/ESS5e03_2.Rdata;;attrs.as.factor;cltovw;/Users/eur/Documents/wissenschaft/data/ess/data/ESS6e02_2/ESS6e02_2.Rdata;;;cltovw;/Users/eur/Documents/wissenschaft/data/ess/data/ESS7e02/ESS7e02.Rdata;;
cultural.club.donated.money;cltodm;/Users/eur/Documents/wissenschaft/data/ess/data/ESS1e06_4/ESS1e06_4.Rdata;;;;;;;cltodm;/Users/eur/Documents/wissenschaft/data/ess/data/ESS3e03_5/ESS3e03_5.Rdata;;attrs.as.factor;cltodm;/Users/eur/Documents/wissenschaft/data/ess/data/ESS4e04_3/ESS4e04_3.Rdata;;attrs.as.factor;cltodm;/Users/eur/Documents/wissenschaft/data/ess/data/ESS5e03_2/ESS5e03_2.Rdata;;attrs.as.factor;cltodm;/Users/eur/Documents/wissenschaft/data/ess/data/ESS6e02_2/ESS6e02_2.Rdata;;;cltodm;/Users/eur/Documents/wissenschaft/data/ess/data/ESS7e02/ESS7e02.Rdata;;
cultural.club.refusal;cltoref;/Users/eur/Documents/wissenschaft/data/ess/data/ESS1e06_4/ESS1e06_4.Rdata;;;;;;;cltoref;/Users/eur/Documents/wissenschaft/data/ess/data/ESS3e03_5/ESS3e03_5.Rdata;;attrs.as.factor;cltoref;/Users/eur/Documents/wissenschaft/data/ess/data/ESS4e04_3/ESS4e04_3.Rdata;;attrs.as.factor;cltoref;/Users/eur/Documents/wissenschaft/data/ess/data/ESS5e03_2/ESS5e03_2.Rdata;;attrs.as.factor;cltoref;/Users/eur/Documents/wissenschaft/data/ess/data/ESS6e02_2/ESS6e02_2.Rdata;;;cltoref;/Users/eur/Documents/wissenschaft/data/ess/data/ESS7e02/ESS7e02.Rdata;;
tradeunion.club.nn;trunn;/Users/eur/Documents/wissenschaft/data/ess/data/ESS1e06_4/ESS1e06_4.Rdata;;;;;;;trunn;/Users/eur/Documents/wissenschaft/data/ess/data/ESS3e03_5/ESS3e03_5.Rdata;;attrs.as.factor;trunn;/Users/eur/Documents/wissenschaft/data/ess/data/ESS4e04_3/ESS4e04_3.Rdata;;attrs.as.factor;trunn;/Users/eur/Documents/wissenschaft/data/ess/data/ESS5e03_2/ESS5e03_2.Rdata;;attrs.as.factor;trunn;/Users/eur/Documents/wissenschaft/data/ess/data/ESS6e02_2/ESS6e02_2.Rdata;;;trunn;/Users/eur/Documents/wissenschaft/data/ess/data/ESS7e02/ESS7e02.Rdata;;
tradeunion.club.member;trummb;/Users/eur/Documents/wissenschaft/data/ess/data/ESS1e06_4/ESS1e06_4.Rdata;;;;;;;trummb;/Users/eur/Documents/wissenschaft/data/ess/data/ESS3e03_5/ESS3e03_5.Rdata;;attrs.as.factor;trummb;/Users/eur/Documents/wissenschaft/data/ess/data/ESS4e04_3/ESS4e04_3.Rdata;;attrs.as.factor;trummb;/Users/eur/Documents/wissenschaft/data/ess/data/ESS5e03_2/ESS5e03_2.Rdata;;attrs.as.factor;trummb;/Users/eur/Documents/wissenschaft/data/ess/data/ESS6e02_2/ESS6e02_2.Rdata;;;trummb;/Users/eur/Documents/wissenschaft/data/ess/data/ESS7e02/ESS7e02.Rdata;;
tradeunion.club.participated;truptp;/Users/eur/Documents/wissenschaft/data/ess/data/ESS1e06_4/ESS1e06_4.Rdata;;;;;;;truptp;/Users/eur/Documents/wissenschaft/data/ess/data/ESS3e03_5/ESS3e03_5.Rdata;;attrs.as.factor;truptp;/Users/eur/Documents/wissenschaft/data/ess/data/ESS4e04_3/ESS4e04_3.Rdata;;attrs.as.factor;truptp;/Users/eur/Documents/wissenschaft/data/ess/data/ESS5e03_2/ESS5e03_2.Rdata;;attrs.as.factor;truptp;/Users/eur/Documents/wissenschaft/data/ess/data/ESS6e02_2/ESS6e02_2.Rdata;;;truptp;/Users/eur/Documents/wissenschaft/data/ess/data/ESS7e02/ESS7e02.Rdata;;
tradeunion.club.voluntary.work;truvw;/Users/eur/Documents/wissenschaft/data/ess/data/ESS1e06_4/ESS1e06_4.Rdata;;;;;;;truvw;/Users/eur/Documents/wissenschaft/data/ess/data/ESS3e03_5/ESS3e03_5.Rdata;;attrs.as.factor;truvw;/Users/eur/Documents/wissenschaft/data/ess/data/ESS4e04_3/ESS4e04_3.Rdata;;attrs.as.factor;truvw;/Users/eur/Documents/wissenschaft/data/ess/data/ESS5e03_2/ESS5e03_2.Rdata;;attrs.as.factor;truvw;/Users/eur/Documents/wissenschaft/data/ess/data/ESS6e02_2/ESS6e02_2.Rdata;;;truvw;/Users/eur/Documents/wissenschaft/data/ess/data/ESS7e02/ESS7e02.Rdata;;
tradeunion.club.donated.money;trudm;/Users/eur/Documents/wissenschaft/data/ess/data/ESS1e06_4/ESS1e06_4.Rdata;;;;;;;trudm;/Users/eur/Documents/wissenschaft/data/ess/data/ESS3e03_5/ESS3e03_5.Rdata;;attrs.as.factor;trudm;/Users/eur/Documents/wissenschaft/data/ess/data/ESS4e04_3/ESS4e04_3.Rdata;;attrs.as.factor;trudm;/Users/eur/Documents/wissenschaft/data/ess/data/ESS5e03_2/ESS5e03_2.Rdata;;attrs.as.factor;trudm;/Users/eur/Documents/wissenschaft/data/ess/data/ESS6e02_2/ESS6e02_2.Rdata;;;trudm;/Users/eur/Documents/wissenschaft/data/ess/data/ESS7e02/ESS7e02.Rdata;;
tradeunion.club.refusal;truref;/Users/eur/Documents/wissenschaft/data/ess/data/ESS1e06_4/ESS1e06_4.Rdata;;;;;;;truref;/Users/eur/Documents/wissenschaft/data/ess/data/ESS3e03_5/ESS3e03_5.Rdata;;attrs.as.factor;truref;/Users/eur/Documents/wissenschaft/data/ess/data/ESS4e04_3/ESS4e04_3.Rdata;;attrs.as.factor;truref;/Users/eur/Documents/wissenschaft/data/ess/data/ESS5e03_2/ESS5e03_2.Rdata;;attrs.as.factor;truref;/Users/eur/Documents/wissenschaft/data/ess/data/ESS6e02_2/ESS6e02_2.Rdata;;;truref;/Users/eur/Documents/wissenschaft/data/ess/data/ESS7e02/ESS7e02.Rdata;;
tradeunion.club.na;truna;/Users/eur/Documents/wissenschaft/data/ess/data/ESS1e06_4/ESS1e06_4.Rdata;;;;;;;truna;/Users/eur/Documents/wissenschaft/data/ess/data/ESS3e03_5/ESS3e03_5.Rdata;;attrs.as.factor;truna;/Users/eur/Documents/wissenschaft/data/ess/data/ESS4e04_3/ESS4e04_3.Rdata;;attrs.as.factor;truna;/Users/eur/Documents/wissenschaft/data/ess/data/ESS5e03_2/ESS5e03_2.Rdata;;attrs.as.factor;truna;/Users/eur/Documents/wissenschaft/data/ess/data/ESS6e02_2/ESS6e02_2.Rdata;;;truna;/Users/eur/Documents/wissenschaft/data/ess/data/ESS7e02/ESS7e02.Rdata;;
business.orga.club.nn;prfonn;/Users/eur/Documents/wissenschaft/data/ess/data/ESS1e06_4/ESS1e06_4.Rdata;;;;;;;prfonn;/Users/eur/Documents/wissenschaft/data/ess/data/ESS3e03_5/ESS3e03_5.Rdata;;attrs.as.factor;prfonn;/Users/eur/Documents/wissenschaft/data/ess/data/ESS4e04_3/ESS4e04_3.Rdata;;attrs.as.factor;prfonn;/Users/eur/Documents/wissenschaft/data/ess/data/ESS5e03_2/ESS5e03_2.Rdata;;attrs.as.factor;prfonn;/Users/eur/Documents/wissenschaft/data/ess/data/ESS6e02_2/ESS6e02_2.Rdata;;;prfonn;/Users/eur/Documents/wissenschaft/data/ess/data/ESS7e02/ESS7e02.Rdata;;
business.orga.club.member;prfommb;/Users/eur/Documents/wissenschaft/data/ess/data/ESS1e06_4/ESS1e06_4.Rdata;;;;;;;prfommb;/Users/eur/Documents/wissenschaft/data/ess/data/ESS3e03_5/ESS3e03_5.Rdata;;attrs.as.factor;prfommb;/Users/eur/Documents/wissenschaft/data/ess/data/ESS4e04_3/ESS4e04_3.Rdata;;attrs.as.factor;prfommb;/Users/eur/Documents/wissenschaft/data/ess/data/ESS5e03_2/ESS5e03_2.Rdata;;attrs.as.factor;prfommb;/Users/eur/Documents/wissenschaft/data/ess/data/ESS6e02_2/ESS6e02_2.Rdata;;;prfommb;/Users/eur/Documents/wissenschaft/data/ess/data/ESS7e02/ESS7e02.Rdata;;
business.orga.club.participated;prfoptp;/Users/eur/Documents/wissenschaft/data/ess/data/ESS1e06_4/ESS1e06_4.Rdata;;;;;;;prfoptp;/Users/eur/Documents/wissenschaft/data/ess/data/ESS3e03_5/ESS3e03_5.Rdata;;attrs.as.factor;prfoptp;/Users/eur/Documents/wissenschaft/data/ess/data/ESS4e04_3/ESS4e04_3.Rdata;;attrs.as.factor;prfoptp;/Users/eur/Documents/wissenschaft/data/ess/data/ESS5e03_2/ESS5e03_2.Rdata;;attrs.as.factor;prfoptp;/Users/eur/Documents/wissenschaft/data/ess/data/ESS6e02_2/ESS6e02_2.Rdata;;;prfoptp;/Users/eur/Documents/wissenschaft/data/ess/data/ESS7e02/ESS7e02.Rdata;;
business.orga.club.voluntary.work;prfovw;/Users/eur/Documents/wissenschaft/data/ess/data/ESS1e06_4/ESS1e06_4.Rdata;;;;;;;prfovw;/Users/eur/Documents/wissenschaft/data/ess/data/ESS3e03_5/ESS3e03_5.Rdata;;attrs.as.factor;prfovw;/Users/eur/Documents/wissenschaft/data/ess/data/ESS4e04_3/ESS4e04_3.Rdata;;attrs.as.factor;prfovw;/Users/eur/Documents/wissenschaft/data/ess/data/ESS5e03_2/ESS5e03_2.Rdata;;attrs.as.factor;prfovw;/Users/eur/Documents/wissenschaft/data/ess/data/ESS6e02_2/ESS6e02_2.Rdata;;;prfovw;/Users/eur/Documents/wissenschaft/data/ess/data/ESS7e02/ESS7e02.Rdata;;
business.orga.club.donated.money;prfodm;/Users/eur/Documents/wissenschaft/data/ess/data/ESS1e06_4/ESS1e06_4.Rdata;;;;;;;prfodm;/Users/eur/Documents/wissenschaft/data/ess/data/ESS3e03_5/ESS3e03_5.Rdata;;attrs.as.factor;prfodm;/Users/eur/Documents/wissenschaft/data/ess/data/ESS4e04_3/ESS4e04_3.Rdata;;attrs.as.factor;prfodm;/Users/eur/Documents/wissenschaft/data/ess/data/ESS5e03_2/ESS5e03_2.Rdata;;attrs.as.factor;prfodm;/Users/eur/Documents/wissenschaft/data/ess/data/ESS6e02_2/ESS6e02_2.Rdata;;;prfodm;/Users/eur/Documents/wissenschaft/data/ess/data/ESS7e02/ESS7e02.Rdata;;
business.orga.club.refusal;prforef;/Users/eur/Documents/wissenschaft/data/ess/data/ESS1e06_4/ESS1e06_4.Rdata;;;;;;;prforef;/Users/eur/Documents/wissenschaft/data/ess/data/ESS3e03_5/ESS3e03_5.Rdata;;attrs.as.factor;prforef;/Users/eur/Documents/wissenschaft/data/ess/data/ESS4e04_3/ESS4e04_3.Rdata;;attrs.as.factor;prforef;/Users/eur/Documents/wissenschaft/data/ess/data/ESS5e03_2/ESS5e03_2.Rdata;;attrs.as.factor;prforef;/Users/eur/Documents/wissenschaft/data/ess/data/ESS6e02_2/ESS6e02_2.Rdata;;;prforef;/Users/eur/Documents/wissenschaft/data/ess/data/ESS7e02/ESS7e02.Rdata;;
business.orga.club.na;prfona;/Users/eur/Documents/wissenschaft/data/ess/data/ESS1e06_4/ESS1e06_4.Rdata;;;;;;;prfona;/Users/eur/Documents/wissenschaft/data/ess/data/ESS3e03_5/ESS3e03_5.Rdata;;attrs.as.factor;prfona;/Users/eur/Documents/wissenschaft/data/ess/data/ESS4e04_3/ESS4e04_3.Rdata;;attrs.as.factor;prfona;/Users/eur/Documents/wissenschaft/data/ess/data/ESS5e03_2/ESS5e03_2.Rdata;;attrs.as.factor;prfona;/Users/eur/Documents/wissenschaft/data/ess/data/ESS6e02_2/ESS6e02_2.Rdata;;;prfona;/Users/eur/Documents/wissenschaft/data/ess/data/ESS7e02/ESS7e02.Rdata;;
val.newcreative;ipcrtiv;/Users/eur/Documents/wissenschaft/data/ess/data/ESS1e06_4/ESS1e06_4.Rdata;;;ipcrtiv;/Users/eur/Documents/wissenschaft/data/ess/data/ESS2e03_4/ESS2e03_4.Rdata;;;ipcrtiv;/Users/eur/Documents/wissenschaft/data/ess/data/ESS3e03_5/ESS3e03_5.Rdata;;attrs.as.factor;ipcrtiv;/Users/eur/Documents/wissenschaft/data/ess/data/ESS4e04_3/ESS4e04_3.Rdata;;attrs.as.factor;ipcrtiv;/Users/eur/Documents/wissenschaft/data/ess/data/ESS5e03_2/ESS5e03_2.Rdata;;attrs.as.factor;ipcrtiv;/Users/eur/Documents/wissenschaft/data/ess/data/ESS6e02_2/ESS6e02_2.Rdata;;;ipcrtiv;/Users/eur/Documents/wissenschaft/data/ess/data/ESS7e02/ESS7e02.Rdata;;
val.Rdataichness;imprich;/Users/eur/Documents/wissenschaft/data/ess/data/ESS1e06_4/ESS1e06_4.Rdata;;;imprich;/Users/eur/Documents/wissenschaft/data/ess/data/ESS2e03_4/ESS2e03_4.Rdata;;;imprich;/Users/eur/Documents/wissenschaft/data/ess/data/ESS3e03_5/ESS3e03_5.Rdata;;attrs.as.factor;imprich;/Users/eur/Documents/wissenschaft/data/ess/data/ESS4e04_3/ESS4e04_3.Rdata;;attrs.as.factor;imprich;/Users/eur/Documents/wissenschaft/data/ess/data/ESS5e03_2/ESS5e03_2.Rdata;;attrs.as.factor;imprich;/Users/eur/Documents/wissenschaft/data/ess/data/ESS6e02_2/ESS6e02_2.Rdata;;;imprich;/Users/eur/Documents/wissenschaft/data/ess/data/ESS7e02/ESS7e02.Rdata;;
val.equality;ipeqopt;/Users/eur/Documents/wissenschaft/data/ess/data/ESS1e06_4/ESS1e06_4.Rdata;;;ipeqopt;/Users/eur/Documents/wissenschaft/data/ess/data/ESS2e03_4/ESS2e03_4.Rdata;;;ipeqopt;/Users/eur/Documents/wissenschaft/data/ess/data/ESS3e03_5/ESS3e03_5.Rdata;;attrs.as.factor;ipeqopt;/Users/eur/Documents/wissenschaft/data/ess/data/ESS4e04_3/ESS4e04_3.Rdata;;attrs.as.factor;ipeqopt;/Users/eur/Documents/wissenschaft/data/ess/data/ESS5e03_2/ESS5e03_2.Rdata;;attrs.as.factor;ipeqopt;/Users/eur/Documents/wissenschaft/data/ess/data/ESS6e02_2/ESS6e02_2.Rdata;;;ipeqopt;/Users/eur/Documents/wissenschaft/data/ess/data/ESS7e02/ESS7e02.Rdata;;
val.admiration;ipshabt;/Users/eur/Documents/wissenschaft/data/ess/data/ESS1e06_4/ESS1e06_4.Rdata;;;ipshabt;/Users/eur/Documents/wissenschaft/data/ess/data/ESS2e03_4/ESS2e03_4.Rdata;;;ipshabt;/Users/eur/Documents/wissenschaft/data/ess/data/ESS3e03_5/ESS3e03_5.Rdata;;attrs.as.factor;ipshabt;/Users/eur/Documents/wissenschaft/data/ess/data/ESS4e04_3/ESS4e04_3.Rdata;;attrs.as.factor;ipshabt;/Users/eur/Documents/wissenschaft/data/ess/data/ESS5e03_2/ESS5e03_2.Rdata;;attrs.as.factor;ipshabt;/Users/eur/Documents/wissenschaft/data/ess/data/ESS6e02_2/ESS6e02_2.Rdata;;;ipshabt;/Users/eur/Documents/wissenschaft/data/ess/data/ESS7e02/ESS7e02.Rdata;;
val.safety;impsafe;/Users/eur/Documents/wissenschaft/data/ess/data/ESS1e06_4/ESS1e06_4.Rdata;;;impsafe;/Users/eur/Documents/wissenschaft/data/ess/data/ESS2e03_4/ESS2e03_4.Rdata;;;impsafe;/Users/eur/Documents/wissenschaft/data/ess/data/ESS3e03_5/ESS3e03_5.Rdata;;attrs.as.factor;impsafe;/Users/eur/Documents/wissenschaft/data/ess/data/ESS4e04_3/ESS4e04_3.Rdata;;attrs.as.factor;impsafe;/Users/eur/Documents/wissenschaft/data/ess/data/ESS5e03_2/ESS5e03_2.Rdata;;attrs.as.factor;impsafe;/Users/eur/Documents/wissenschaft/data/ess/data/ESS6e02_2/ESS6e02_2.Rdata;;;impsafe;/Users/eur/Documents/wissenschaft/data/ess/data/ESS7e02/ESS7e02.Rdata;;
val.newdifferent;impdiff;/Users/eur/Documents/wissenschaft/data/ess/data/ESS1e06_4/ESS1e06_4.Rdata;;;impdiff;/Users/eur/Documents/wissenschaft/data/ess/data/ESS2e03_4/ESS2e03_4.Rdata;;;impdiff;/Users/eur/Documents/wissenschaft/data/ess/data/ESS3e03_5/ESS3e03_5.Rdata;;attrs.as.factor;impdiff;/Users/eur/Documents/wissenschaft/data/ess/data/ESS4e04_3/ESS4e04_3.Rdata;;attrs.as.factor;impdiff;/Users/eur/Documents/wissenschaft/data/ess/data/ESS5e03_2/ESS5e03_2.Rdata;;attrs.as.factor;impdiff;/Users/eur/Documents/wissenschaft/data/ess/data/ESS6e02_2/ESS6e02_2.Rdata;;;impdiff;/Users/eur/Documents/wissenschaft/data/ess/data/ESS7e02/ESS7e02.Rdata;;
val.followrule;ipfrule;/Users/eur/Documents/wissenschaft/data/ess/data/ESS1e06_4/ESS1e06_4.Rdata;;;ipfrule;/Users/eur/Documents/wissenschaft/data/ess/data/ESS2e03_4/ESS2e03_4.Rdata;;;ipfrule;/Users/eur/Documents/wissenschaft/data/ess/data/ESS3e03_5/ESS3e03_5.Rdata;;attrs.as.factor;ipfrule;/Users/eur/Documents/wissenschaft/data/ess/data/ESS4e04_3/ESS4e04_3.Rdata;;attrs.as.factor;ipfrule;/Users/eur/Documents/wissenschaft/data/ess/data/ESS5e03_2/ESS5e03_2.Rdata;;attrs.as.factor;ipfrule;/Users/eur/Documents/wissenschaft/data/ess/data/ESS6e02_2/ESS6e02_2.Rdata;;;ipfrule;/Users/eur/Documents/wissenschaft/data/ess/data/ESS7e02/ESS7e02.Rdata;;
val.understanddifferent;ipudrst;/Users/eur/Documents/wissenschaft/data/ess/data/ESS1e06_4/ESS1e06_4.Rdata;;;ipudrst;/Users/eur/Documents/wissenschaft/data/ess/data/ESS2e03_4/ESS2e03_4.Rdata;;;ipudrst;/Users/eur/Documents/wissenschaft/data/ess/data/ESS3e03_5/ESS3e03_5.Rdata;;attrs.as.factor;ipudrst;/Users/eur/Documents/wissenschaft/data/ess/data/ESS4e04_3/ESS4e04_3.Rdata;;attrs.as.factor;ipudrst;/Users/eur/Documents/wissenschaft/data/ess/data/ESS5e03_2/ESS5e03_2.Rdata;;attrs.as.factor;ipudrst;/Users/eur/Documents/wissenschaft/data/ess/data/ESS6e02_2/ESS6e02_2.Rdata;;;ipudrst;/Users/eur/Documents/wissenschaft/data/ess/data/ESS7e02/ESS7e02.Rdata;;
val.modesty;ipmodst;/Users/eur/Documents/wissenschaft/data/ess/data/ESS1e06_4/ESS1e06_4.Rdata;;;ipmodst;/Users/eur/Documents/wissenschaft/data/ess/data/ESS2e03_4/ESS2e03_4.Rdata;;;ipmodst;/Users/eur/Documents/wissenschaft/data/ess/data/ESS3e03_5/ESS3e03_5.Rdata;;attrs.as.factor;ipmodst;/Users/eur/Documents/wissenschaft/data/ess/data/ESS4e04_3/ESS4e04_3.Rdata;;attrs.as.factor;ipmodst;/Users/eur/Documents/wissenschaft/data/ess/data/ESS5e03_2/ESS5e03_2.Rdata;;attrs.as.factor;ipmodst;/Users/eur/Documents/wissenschaft/data/ess/data/ESS6e02_2/ESS6e02_2.Rdata;;;ipmodst;/Users/eur/Documents/wissenschaft/data/ess/data/ESS7e02/ESS7e02.Rdata;;
val.goodtime;ipgdtim;/Users/eur/Documents/wissenschaft/data/ess/data/ESS1e06_4/ESS1e06_4.Rdata;;;ipgdtim;/Users/eur/Documents/wissenschaft/data/ess/data/ESS2e03_4/ESS2e03_4.Rdata;;;ipgdtim;/Users/eur/Documents/wissenschaft/data/ess/data/ESS3e03_5/ESS3e03_5.Rdata;;attrs.as.factor;ipgdtim;/Users/eur/Documents/wissenschaft/data/ess/data/ESS4e04_3/ESS4e04_3.Rdata;;attrs.as.factor;ipgdtim;/Users/eur/Documents/wissenschaft/data/ess/data/ESS5e03_2/ESS5e03_2.Rdata;;attrs.as.factor;ipgdtim;/Users/eur/Documents/wissenschaft/data/ess/data/ESS6e02_2/ESS6e02_2.Rdata;;;ipgdtim;/Users/eur/Documents/wissenschaft/data/ess/data/ESS7e02/ESS7e02.Rdata;;
val.owndescision;impfree;/Users/eur/Documents/wissenschaft/data/ess/data/ESS1e06_4/ESS1e06_4.Rdata;;;impfree;/Users/eur/Documents/wissenschaft/data/ess/data/ESS2e03_4/ESS2e03_4.Rdata;;;impfree;/Users/eur/Documents/wissenschaft/data/ess/data/ESS3e03_5/ESS3e03_5.Rdata;;attrs.as.factor;impfree;/Users/eur/Documents/wissenschaft/data/ess/data/ESS4e04_3/ESS4e04_3.Rdata;;attrs.as.factor;impfree;/Users/eur/Documents/wissenschaft/data/ess/data/ESS5e03_2/ESS5e03_2.Rdata;;attrs.as.factor;impfree;/Users/eur/Documents/wissenschaft/data/ess/data/ESS6e02_2/ESS6e02_2.Rdata;;;impfree;/Users/eur/Documents/wissenschaft/data/ess/data/ESS7e02/ESS7e02.Rdata;;
val.helpful;iphlppl;/Users/eur/Documents/wissenschaft/data/ess/data/ESS1e06_4/ESS1e06_4.Rdata;;;iphlppl;/Users/eur/Documents/wissenschaft/data/ess/data/ESS2e03_4/ESS2e03_4.Rdata;;;iphlppl;/Users/eur/Documents/wissenschaft/data/ess/data/ESS3e03_5/ESS3e03_5.Rdata;;attrs.as.factor;iphlppl;/Users/eur/Documents/wissenschaft/data/ess/data/ESS4e04_3/ESS4e04_3.Rdata;;attrs.as.factor;iphlppl;/Users/eur/Documents/wissenschaft/data/ess/data/ESS5e03_2/ESS5e03_2.Rdata;;attrs.as.factor;iphlppl;/Users/eur/Documents/wissenschaft/data/ess/data/ESS6e02_2/ESS6e02_2.Rdata;;;iphlppl;/Users/eur/Documents/wissenschaft/data/ess/data/ESS7e02/ESS7e02.Rdata;;
val.success;ipsuces;/Users/eur/Documents/wissenschaft/data/ess/data/ESS1e06_4/ESS1e06_4.Rdata;;;ipsuces;/Users/eur/Documents/wissenschaft/data/ess/data/ESS2e03_4/ESS2e03_4.Rdata;;;ipsuces;/Users/eur/Documents/wissenschaft/data/ess/data/ESS3e03_5/ESS3e03_5.Rdata;;attrs.as.factor;ipsuces;/Users/eur/Documents/wissenschaft/data/ess/data/ESS4e04_3/ESS4e04_3.Rdata;;attrs.as.factor;ipsuces;/Users/eur/Documents/wissenschaft/data/ess/data/ESS5e03_2/ESS5e03_2.Rdata;;attrs.as.factor;ipsuces;/Users/eur/Documents/wissenschaft/data/ess/data/ESS6e02_2/ESS6e02_2.Rdata;;;ipsuces;/Users/eur/Documents/wissenschaft/data/ess/data/ESS7e02/ESS7e02.Rdata;;
val.stronggov;ipstrgv;/Users/eur/Documents/wissenschaft/data/ess/data/ESS1e06_4/ESS1e06_4.Rdata;;;ipstrgv;/Users/eur/Documents/wissenschaft/data/ess/data/ESS2e03_4/ESS2e03_4.Rdata;;;ipstrgv;/Users/eur/Documents/wissenschaft/data/ess/data/ESS3e03_5/ESS3e03_5.Rdata;;attrs.as.factor;ipstrgv;/Users/eur/Documents/wissenschaft/data/ess/data/ESS4e04_3/ESS4e04_3.Rdata;;attrs.as.factor;ipstrgv;/Users/eur/Documents/wissenschaft/data/ess/data/ESS5e03_2/ESS5e03_2.Rdata;;attrs.as.factor;ipstrgv;/Users/eur/Documents/wissenschaft/data/ess/data/ESS6e02_2/ESS6e02_2.Rdata;;;ipstrgv;/Users/eur/Documents/wissenschaft/data/ess/data/ESS7e02/ESS7e02.Rdata;;
val.adventure;ipadvnt;/Users/eur/Documents/wissenschaft/data/ess/data/ESS1e06_4/ESS1e06_4.Rdata;;;ipadvnt;/Users/eur/Documents/wissenschaft/data/ess/data/ESS2e03_4/ESS2e03_4.Rdata;;;ipadvnt;/Users/eur/Documents/wissenschaft/data/ess/data/ESS3e03_5/ESS3e03_5.Rdata;;attrs.as.factor;ipadvnt;/Users/eur/Documents/wissenschaft/data/ess/data/ESS4e04_3/ESS4e04_3.Rdata;;attrs.as.factor;ipadvnt;/Users/eur/Documents/wissenschaft/data/ess/data/ESS5e03_2/ESS5e03_2.Rdata;;attrs.as.factor;ipadvnt;/Users/eur/Documents/wissenschaft/data/ess/data/ESS6e02_2/ESS6e02_2.Rdata;;;ipadvnt;/Users/eur/Documents/wissenschaft/data/ess/data/ESS7e02/ESS7e02.Rdata;;
val.behaveproper;ipbhprp;/Users/eur/Documents/wissenschaft/data/ess/data/ESS1e06_4/ESS1e06_4.Rdata;;;ipbhprp;/Users/eur/Documents/wissenschaft/data/ess/data/ESS2e03_4/ESS2e03_4.Rdata;;;ipbhprp;/Users/eur/Documents/wissenschaft/data/ess/data/ESS3e03_5/ESS3e03_5.Rdata;;attrs.as.factor;ipbhprp;/Users/eur/Documents/wissenschaft/data/ess/data/ESS4e04_3/ESS4e04_3.Rdata;;attrs.as.factor;ipbhprp;/Users/eur/Documents/wissenschaft/data/ess/data/ESS5e03_2/ESS5e03_2.Rdata;;attrs.as.factor;ipbhprp;/Users/eur/Documents/wissenschaft/data/ess/data/ESS6e02_2/ESS6e02_2.Rdata;;;ipbhprp;/Users/eur/Documents/wissenschaft/data/ess/data/ESS7e02/ESS7e02.Rdata;;
val.getrespect;iprspot;/Users/eur/Documents/wissenschaft/data/ess/data/ESS1e06_4/ESS1e06_4.Rdata;;;iprspot;/Users/eur/Documents/wissenschaft/data/ess/data/ESS2e03_4/ESS2e03_4.Rdata;;;iprspot;/Users/eur/Documents/wissenschaft/data/ess/data/ESS3e03_5/ESS3e03_5.Rdata;;attrs.as.factor;iprspot;/Users/eur/Documents/wissenschaft/data/ess/data/ESS4e04_3/ESS4e04_3.Rdata;;attrs.as.factor;iprspot;/Users/eur/Documents/wissenschaft/data/ess/data/ESS5e03_2/ESS5e03_2.Rdata;;attrs.as.factor;iprspot;/Users/eur/Documents/wissenschaft/data/ess/data/ESS6e02_2/ESS6e02_2.Rdata;;;iprspot;/Users/eur/Documents/wissenschaft/data/ess/data/ESS7e02/ESS7e02.Rdata;;
val.loyalityfriends;iplylfr;/Users/eur/Documents/wissenschaft/data/ess/data/ESS1e06_4/ESS1e06_4.Rdata;;;iplylfr;/Users/eur/Documents/wissenschaft/data/ess/data/ESS2e03_4/ESS2e03_4.Rdata;;;iplylfr;/Users/eur/Documents/wissenschaft/data/ess/data/ESS3e03_5/ESS3e03_5.Rdata;;attrs.as.factor;iplylfr;/Users/eur/Documents/wissenschaft/data/ess/data/ESS4e04_3/ESS4e04_3.Rdata;;attrs.as.factor;iplylfr;/Users/eur/Documents/wissenschaft/data/ess/data/ESS5e03_2/ESS5e03_2.Rdata;;attrs.as.factor;iplylfr;/Users/eur/Documents/wissenschaft/data/ess/data/ESS6e02_2/ESS6e02_2.Rdata;;;iplylfr;/Users/eur/Documents/wissenschaft/data/ess/data/ESS7e02/ESS7e02.Rdata;;
val.careenv;impenv;/Users/eur/Documents/wissenschaft/data/ess/data/ESS1e06_4/ESS1e06_4.Rdata;;;impenv;/Users/eur/Documents/wissenschaft/data/ess/data/ESS2e03_4/ESS2e03_4.Rdata;;;impenv;/Users/eur/Documents/wissenschaft/data/ess/data/ESS3e03_5/ESS3e03_5.Rdata;;attrs.as.factor;impenv;/Users/eur/Documents/wissenschaft/data/ess/data/ESS4e04_3/ESS4e04_3.Rdata;;attrs.as.factor;impenv;/Users/eur/Documents/wissenschaft/data/ess/data/ESS5e03_2/ESS5e03_2.Rdata;;attrs.as.factor;impenv;/Users/eur/Documents/wissenschaft/data/ess/data/ESS6e02_2/ESS6e02_2.Rdata;;;impenv;/Users/eur/Documents/wissenschaft/data/ess/data/ESS7e02/ESS7e02.Rdata;;
val.traditions;imptrad;/Users/eur/Documents/wissenschaft/data/ess/data/ESS1e06_4/ESS1e06_4.Rdata;;;imptrad;/Users/eur/Documents/wissenschaft/data/ess/data/ESS2e03_4/ESS2e03_4.Rdata;;;imptrad;/Users/eur/Documents/wissenschaft/data/ess/data/ESS3e03_5/ESS3e03_5.Rdata;;attrs.as.factor;imptrad;/Users/eur/Documents/wissenschaft/data/ess/data/ESS4e04_3/ESS4e04_3.Rdata;;attrs.as.factor;imptrad;/Users/eur/Documents/wissenschaft/data/ess/data/ESS5e03_2/ESS5e03_2.Rdata;;attrs.as.factor;imptrad;/Users/eur/Documents/wissenschaft/data/ess/data/ESS6e02_2/ESS6e02_2.Rdata;;;imptrad;/Users/eur/Documents/wissenschaft/data/ess/data/ESS7e02/ESS7e02.Rdata;;
val.fun;impfun;/Users/eur/Documents/wissenschaft/data/ess/data/ESS1e06_4/ESS1e06_4.Rdata;;;impfun;/Users/eur/Documents/wissenschaft/data/ess/data/ESS2e03_4/ESS2e03_4.Rdata;;;impfun;/Users/eur/Documents/wissenschaft/data/ess/data/ESS3e03_5/ESS3e03_5.Rdata;;attrs.as.factor;impfun;/Users/eur/Documents/wissenschaft/data/ess/data/ESS4e04_3/ESS4e04_3.Rdata;;attrs.as.factor;impfun;/Users/eur/Documents/wissenschaft/data/ess/data/ESS5e03_2/ESS5e03_2.Rdata;;attrs.as.factor;impfun;/Users/eur/Documents/wissenschaft/data/ess/data/ESS6e02_2/ESS6e02_2.Rdata;;;impfun;/Users/eur/Documents/wissenschaft/data/ess/data/ESS7e02/ESS7e02.Rdata;;
;;;;;;;;;;;;;;;;;;;;;;;;;;;;
;;;;;;;;;;;;;;;;;;;;;;;;;;;;
;;;;;;;;;;;;;;;;;;;;;;;;;;;;
;;;;;;;;;;;;;;;;;;;;;;;;;;;;
;;;;;;;;;;;;;;;;;;;;;;;;;;;;
;;;;;;;;;;;;;;;;;;;;;;;;;;;;
;;;;;;;;;;;;;;;;;;;;;;;;;;;;
;;;;;;;;;;;;;;;;;;;;;;;;;;;;
;;;;;;;;;;;;;;;;;;;;;;;;;;;;
;;;;;;;;;;;;;;;;;;;;;;;;;;;;
;;;;;;;;;;;;;;;;;;;;;;;;;;;;
;;;;;;;;;;;;;;;;;;;;;;;;;;;;
;;;;;;;;;;;;;;;;;;;;;;;;;;;;
;;;;;;;;;;;;;;;;;;;;;;;;;;;;
;;;;;;;;;;;;;;;;;;;;;;;;;;;;
;;;;;;;;;;;;;;;;;;;;;;;;;;;;
;;;;;;;;;;;;;;;;;;;;;;;;;;;;
;;;;;;;;;;;;;;;;;;;;;;;;;;;;
;;;;;;;;;;;;;;;;;;;;;;;;;;;;
;;;;;;;;;;;;;;;;;;;;;;;;;;;;
;;;;;;;;;;;;;;;;;;;;;;;;;;;;
;;;;;;;;;;;;;;;;;;;;;;;;;;;;
;;;;;;;;;;;;;;;;;;;;;;;;;;;;
;;;;;;;;;;;;;;;;;;;;;;;;;;;;
;;;;;;;;;;;;;;;;;;;;;;;;;;;;
;;;;;;;;;;;;;;;;;;;;;;;;;;;;
;;;;;;;;;;;;;;;;;;;;;;;;;;;;
;;;;;;;;;;;;;;;;;;;;;;;;;;;;
;;;;;;;;;;;;;;;;;;;;;;;;;;;;
;;;;;;;;;;;;;;;;;;;;;;;;;;;;
;;;;;;;;;;;;;;;;;;;;;;;;;;;;
;;;;;;;;;;;;;;;;;;;;;;;;;;;;
;;;;;;;;;;;;;;;;;;;;;;;;;;;;
;;;;;;;;;;;;;;;;;;;;;;;;;;;;
;;;;;;;;;;;;;;;;;;;;;;;;;;;;
;;;;;;;;;;;;;;;;;;;;;;;;;;;;
;;;;;;;;;;;;;;;;;;;;;;;;;;;;
;;;;;;;;;;;;;;;;;;;;;;;;;;;;
;;;;;;;;;;;;;;;;;;;;;;;;;;;;
;;;;;;;;;;;;;;;;;;;;;;;;;;;;
;;;;;;;;;;;;;;;;;;;;;;;;;;;;
;;;;;;;;;;;;;;;;;;;;;;;;;;;;
;;;;;;;;;;;;;;;;;;;;;;;;;;;;
;;;;;;;;;;;;;;;;;;;;;;;;;;;;
;;;;;;;;;;;;;;;;;;;;;;;;;;;;
;;;;;;;;;;;;;;;;;;;;;;;;;;;;
;;;;;;;;;;;;;;;;;;;;;;;;;;;;
;;;;;;;;;;;;;;;;;;;;;;;;;;;;
;;;;;;;;;;;;;;;;;;;;;;;;;;;;
;;;;;;;;;;;;;;;;;;;;;;;;;;;;
;;;;;;;;;;;;;;;;;;;;;;;;;;;;
;;;;;;;;;;;;;;;;;;;;;;;;;;;;
;;;;;;;;;;;;;;;;;;;;;;;;;;;;
;;;;;;;;;;;;;;;;;;;;;;;;;;;;
;;;;;;;;;;;;;;;;;;;;;;;;;;;;
;;;;;;;;;;;;;;;;;;;;;;;;;;;;
;;;;;;;;;;;;;;;;;;;;;;;;;;;;
;;;;;;;;;;;;;;;;;;;;;;;;;;;;
;;;;;;;;;;;;;;;;;;;;;;;;;;;;
;;;;;;;;;;;;;;;;;;;;;;;;;;;;
;;;;;;;;;;;;;;;;;;;;;;;;;;;;
;;;;;;;;;;;;;;;;;;;;;;;;;;;;
;;;;;;;;;;;;;;;;;;;;;;;;;;;;
;;;;;;;;;;;;;;;;;;;;;;;;;;;;
;;;;;;;;;;;;;;;;;;;;;;;;;;;;
;;;;;;;;;;;;;;;;;;;;;;;;;;;;
;;;;;;;;;;;;;;;;;;;;;;;;;;;;
;;;;;;;;;;;;;;;;;;;;;;;;;;;;
;;;;;;;;;;;;;;;;;;;;;;;;;;;;
;;;;;;;;;;;;;;;;;;;;;;;;;;;;
;;;;;;;;;;;;;;;;;;;;;;;;;;;;
;;;;;;;;;;;;;;;;;;;;;;;;;;;;
;;;;;;;;;;;;;;;;;;;;;;;;;;;;
;;;;;;;;;;;;;;;;;;;;;;;;;;;;
;;;;;;;;;;;;;;;;;;;;;;;;;;;;
;;;;;;;;;;;;;;;;;;;;;;;;;;;;
;;;;;;;;;;;;;;;;;;;;;;;;;;;;
;;;;;;;;;;;;;;;;;;;;;;;;;;;;
;;;;;;;;;;;;;;;;;;;;;;;;;;;;
;;;;;;;;;;;;;;;;;;;;;;;;;;;;
;;;;;;;;;;;;;;;;;;;;;;;;;;;;
;;;;;;;;;;;;;;;;;;;;;;;;;;;;
;;;;;;;;;;;;;;;;;;;;;;;;;;;;
;;;;;;;;;;;;;;;;;;;;;;;;;;;;
;;;;;;;;;;;;;;;;;;;;;;;;;;;;
;;;;;;;;;;;;;;;;;;;;;;;;;;;;
;;;;;;;;;;;;;;;;;;;;;;;;;;;;
;;;;;;;;;;;;;;;;;;;;;;;;;;;;
;;;;;;;;;;;;;;;;;;;;;;;;;;;;
;;;;;;;;;;;;;;;;;;;;;;;;;;;;
;;;;;;;;;;;;;;;;;;;;;;;;;;;;
;;;;;;;;;;;;;;;;;;;;;;;;;;;;
;;;;;;;;;;;;;;;;;;;;;;;;;;;;
;;;;;;;;;;;;;;;;;;;;;;;;;;;;
;;;;;;;;;;;;;;;;;;;;;;;;;;;;
;;;;;;;;;;;;;;;;;;;;;;;;;;;;
;;;;;;;;;;;;;;;;;;;;;;;;;;;;
;;;;;;;;;;;;;;;;;;;;;;;;;;;;